Difficulty,Question,Attorney Response,Expanded_Query
Simple,I am a Sikh man planning to get married in Punjab. Does my marriage need to be registered under the Hindu Marriage Act?,"No, you can register your marriage under the Anand Marriage Act, 1909, which specifically applies to Sikhs. Registration under this Act is legally recognized, and you do not need to register under the Hindu Marriage Act.","What are the legal requirements and procedural obligations for registration and solemnization of a Sikh marriage in Punjab, and is such a marriage mandatorily registrable under the Hindu Marriage Act? What documentary requirements, jurisdictional conditions, and eligibility criteria apply to the registration process before the competent authority? Does the Hindu Marriage Act govern the formal registration of marriages solemnized according to Sikh rites and ceremonies, and what are the legal consequences of registration or non-registration of such a matrimonial union under the applicable personal law framework in Punjab?"
Intermediate,"As a Muslim woman in Uttar Pradesh, if my husband pronounces 'Talaq' three times in one sitting, is my marriage legally terminated?","No. The Supreme Court of India and the Muslim Women (Protection of Rights on Marriage) Act, 2019 have made instant Triple Talaq (Talaq-e-Biddat) void and illegal. Your marriage remains legally valid, and such an act by your husband is a punishable criminal offense.","What is the legal validity and enforceability of instantaneous triple verbal pronouncement of divorce by a husband in a single sitting, and does such pronouncement constitute lawful dissolution of matrimonial union for a Muslim woman domiciled in Uttar Pradesh? What is the current legal status, judicial recognition, and procedural effect of such a unilateral oral declaration of marital termination, including its enforceability before competent authorities, and what are the legal consequences, rights, and remedies available to the wife following such a pronouncement of matrimonial dissolution?"
Intermediate,I am a Hindu woman from Kerala and my partner is a Christian man. Do we have to convert to marry each other legally?,"No, you do not need to convert. You can legally marry under the Special Marriage Act, 1954, which allows two individuals of different faiths to register a civil marriage without changing their respective religions.","What are the legal requirements and procedural prerequisites for solemnization of an interfaith marriage between parties belonging to different religious denominations in India, specifically whether religious conversion is mandatory or obligatory for either spouse prior to or as a condition of valid matrimonial union? What documentary requirements, eligibility criteria, and formal procedures apply to the registration and legal recognition of such an inter-religious matrimonial alliance before a competent authority, and can such a marriage be solemnized and registered without either party undergoing religious conversion?"
Tricky,"I belong to the Khasi tribe in Meghalaya. If I divorce my husband, who gets the custody of our children according to our customary laws?","The Khasi tribe follows a matrilineal system. Under customary laws, the children take the mother's surname, and in the event of a divorce, the mother traditionally and legally retains the custody of the children and the ancestral property.","In a matrimonial dissolution or divorce proceeding under recognized tribal customary law and indigenous personal law applicable to the Khasi community in Meghalaya, what are the governing principles and procedural norms for determining child custody, guardianship, and parental rights? How does customary law adjudicate custodial arrangements, welfare of the minor children, and parental responsibilities upon separation or dissolution of marriage within the Khasi tribal community, and what role does the competent authority or customary adjudicatory body play in resolving such custodial disputes?"
Intermediate,I am a Parsi man residing in Mumbai. Can I file for divorce in a regular family court?,"No, Parsi marriages and divorces are governed by the Parsi Marriage and Divorce Act, 1936. You must file your petition in a special Parsi Chief Matrimonial Court, which is presided over by a judge and assisted by Parsi delegates who act as a jury.","What is the jurisdictional competence of a regular family court to adjudicate dissolution of marriage proceedings initiated by a Parsi male domiciled in Mumbai? Does a standard family court possess the requisite authority to entertain a matrimonial petition for divorce filed by a member of the Parsi community, or must such proceedings be instituted before a specialized or designated tribunal? What are the procedural requirements, venue considerations, and forum selection criteria governing the filing of a divorce petition by a Parsi individual within the applicable territorial jurisdiction?"
Tricky,"We are a Hindu couple residing in Goa. If we divorce, how is our property divided?","Goa follows a Uniform Civil Code (the Portuguese Civil Code of 1867). Under this law, the property acquired before or after marriage is generally considered 'communion of property' (jointly owned). Upon divorce, spouses are entitled to an equal 50/50 split of the total marital assets.","What are the legal provisions governing matrimonial property division and asset distribution upon dissolution of marriage or divorce for a Hindu couple domiciled or residing in Goa? What procedural requirements, entitlements, and rights apply to the partition, allocation, and settlement of jointly held or individually owned marital property, immovable assets, and movable assets between spouses following judicial separation or decree of divorce within the jurisdiction of Goa, including any community property principles, equitable distribution standards, or spousal claims recognized by competent authorities in that region?"
Simple,I am a Christian woman in Tamil Nadu. How long must I be separated from my husband before filing for a mutual consent divorce?,"Under Section 10A of the Divorce Act, 1869 (which governs Christians in India), you and your husband must have been living separately for a minimum period of one year before you can jointly file a petition for a mutual consent divorce.","What is the mandatory minimum period of continuous separation required prior to filing a petition for dissolution of marriage by mutual consent for a Christian woman domiciled in Tamil Nadu? What is the prescribed statutory waiting period or cooling-off duration that spouses must observe before jointly presenting a mutual consent divorce petition before the competent matrimonial court? Does the requisite separation period differ based on religious personal law applicable to Christian parties, and what procedural prerequisites govern the admissibility of such a petition?"
Tricky,"I am an NRI living in the US but married in Gujarat under the Hindu Marriage Act. If I get an ex-parte divorce decree from a US court, is it valid in India?","An ex-parte US divorce decree is generally not recognized by Indian courts if your wife did not consent to or participate in the US proceedings. She can challenge it in India, and your marriage will still be considered legally valid under Indian jurisdiction.","What is the legal validity and enforceability in India of a foreign ex-parte divorce decree obtained from an overseas court by a non-resident Indian, where the matrimonial union was solemnized and registered under a named personal law in Gujarat? Does such a unilateral foreign judicial decree attain recognition by competent Indian authorities, and what are the procedural requirements, jurisdictional considerations, principles of reciprocity, and grounds for challenge or refusal of enforcement of such a foreign matrimonial dissolution order under Indian civil proceedings?"
Intermediate,We are a Buddhist couple from Sikkim. Are our marriage laws the same as Hindus?,"Yes. Under the Hindu Marriage Act, 1955, the definition of 'Hindu' legally encompasses Buddhists, Jains, and Sikhs. Therefore, your marriage, registration, and divorce proceedings are governed by the Hindu Marriage Act unless a specific local Sikkimese customary law supersedes it.","What are the applicable legal provisions governing solemnization and registration of marriage for Buddhist couples domiciled in Sikkim, and do the matrimonial laws, procedural requirements, eligibility conditions, and statutory obligations applicable to Buddhist spouses differ from or correspond with those governing Hindu marriages in the same jurisdiction? Does a distinct legal framework, separate customary recognition, or differential regulatory regime apply to Buddhist matrimonial unions in Sikkim as compared to Hindu matrimonial unions, including conditions of validity, competent authority, documentary requirements, and grounds for matrimonial relief?"
Intermediate,I am a Muslim man from Kashmir. Can I legally marry a second wife without divorcing my first wife?,"Yes, Muslim Personal Law allows a Muslim man to have up to four wives. However, your first wife is legally entitled to seek maintenance or file for divorce if you fail to treat her equitably, or she can enforce a prenuptial condition if one was signed during your Nikah.","What are the legal requirements, conditions, and procedural prerequisites governing the solemnization of a subsequent marriage by a Muslim male domiciled in Kashmir, without prior dissolution of the existing valid matrimonial union? What is the legal permissibility, validity, and enforceability of polygamous matrimonial arrangements under personal law applicable to Muslim individuals, including any jurisdictional restrictions, consent requirements, documentary obligations, or regulatory conditions imposed by competent authorities regarding the contracting of a second simultaneous marriage while the first subsisting marriage remains undissolved?"
Tricky,"I am a transgender woman in Kolkata, and I wish to marry a cisgender Hindu man. Is our marriage legally recognized?","Yes. The Madras High Court (in Arunkumar vs. Inspector General of Registration) ruled that the term 'bride' under the Hindu Marriage Act includes transwomen. If you identify as a woman and perform Hindu customary rites, your marriage can be legally solemnized and registered.","What is the legal validity and recognition of a marriage solemnized between a transgender woman and a cisgender male person, with respect to formal registration, solemnization requirements, and eligibility criteria applicable to such a union? Does the competent authority permit registration and legal recognition of such a matrimonial alliance, and what are the procedural requirements, documentary prerequisites, and evidentiary standards governing the legal status of such a marriage between persons of differing gender identities within the applicable jurisdiction?"
Intermediate,I have been in a live-in relationship with my partner in Delhi for 5 years but we aren't married. Can I claim maintenance if he abandons me?,"Yes. The Supreme Court of India recognizes long-term live-in relationships as being 'in the nature of marriage.' You can seek maintenance and protection from domestic violence under the Protection of Women from Domestic Violence Act, 2005.","What are the legal rights and entitlements of a partner in a long-term cohabitation arrangement or live-in relationship in Delhi to claim maintenance, financial support, or monetary relief upon abandonment or desertion by the other partner, in the absence of formal matrimonial solemnization or registered marriage? What procedural remedies, legal recourse, and competent authorities are available to seek interim or permanent maintenance, and what evidentiary or documentary requirements must be fulfilled to establish the cohabiting relationship and substantiate a claim for financial sustenance?"
Intermediate,I was married off at the age of 15 in rural Rajasthan. I am now 19. Do I have to go through a formal divorce to end this marriage?,"No, you do not need a divorce. Since you were a minor, you have the right to legally 'repudiate' or annul the child marriage under the Prohibition of Child Marriage Act, 2006. You must file a petition to void the marriage before you turn 20 years old.","What are the legal remedies and procedural requirements available to a person who was solemnized in matrimony as a minor, below the legally prescribed minimum age of marriage, and has now attained majority? Is such a marriage void or voidable ab initio, or does it require formal dissolution proceedings before a competent authority? What is the legal status of a child marriage, and does the aggrieved party retain the right to seek annulment, repudiation, or nullity of marriage upon attaining majority, without undergoing formal divorce proceedings?"
Simple,I am a Jain man in Bangalore. Can my wife claim maintenance from me even if she earns a high salary?,"Jains are governed by the Hindu Marriage Act. If the court finds that your wife has sufficient independent income to maintain the same standard of living she enjoyed during the marriage, the court may reduce or completely deny her plea for maintenance.","Can a financially independent spouse with substantial income or high earnings claim maintenance, interim maintenance, or spousal support from the other spouse in matrimonial proceedings? What are the eligibility criteria and legal entitlements for a wife seeking maintenance or alimony where the claimant spouse is gainfully employed and earns a significant salary? How do competent authorities assess the financial capacity, income, and means of both parties when determining maintenance quantum, and can a spouse's independent income disentitle or reduce their claim to periodic maintenance or permanent alimony in matrimonial disputes?"
Simple,We got married in an Arya Samaj Mandir in Haryana and received their certificate. Is this enough legal proof of our marriage?,"While an Arya Samaj marriage is legally valid under the Hindu Marriage Act, the temple certificate alone is not sufficient for official purposes (like passports or visas). You must still mandatorily register the marriage with the local Sub-Divisional Magistrate (SDM) or Marriage Registrar.","What is the legal validity and evidentiary sufficiency of a marriage solemnized at a religious institution in Haryana, evidenced solely by a ceremonial certificate issued by such institution? Does such a certificate constitute adequate legal proof of matrimonial union, or is formal civil registration before a competent authority mandatory to establish valid documentary proof? What are the procedural requirements for official recognition, registration, and authentication of such a marriage, and what evidentiary weight does an institutionally issued marriage certificate carry before competent authorities as conclusive proof of solemnization?"
