Law Name,Href
THE HARYANA COMPULSORY REGISTRATION OF MARRIAGES act 2008(6 of 2008),/ViewSelectedActDetailsServlet?act_name=THE HARYANA COMPULSORY REGISTRATION OF MARRIAGES act 2008(6 of 2008)&handleid=123456789/1362
"THE ODISHA MUHAMMEDAN MARRIAGES AND DIVORCES REGISTRATION ACT, 1949","/ViewSelectedActDetailsServlet?act_name=THE ODISHA MUHAMMEDAN MARRIAGES AND DIVORCES REGISTRATION ACT, 1949&handleid=123456789/1362"
"The Parsi Marriage and Divorce Act, 1936","/ViewSelectedActDetailsServlet?act_name=The Parsi Marriage and Divorce Act, 1936&handleid=123456789/1362"
"The Foreign Marriage Act, 1969","/ViewSelectedActDetailsServlet?act_name=The Foreign Marriage Act, 1969&handleid=123456789/1362"
"The Anand Marriage Act, 1909","/ViewSelectedActDetailsServlet?act_name=The Anand Marriage Act, 1909&handleid=123456789/1362"
"The Tripura Recording of Marriage Act, 2003","/ViewSelectedActDetailsServlet?act_name=The Tripura Recording of Marriage Act, 2003&handleid=123456789/1362"
"The Dissolution of Muslim Marriages Act, 1939","/ViewSelectedActDetailsServlet?act_name=The Dissolution of Muslim Marriages Act, 1939&handleid=123456789/1362"
"The Hindu Marriage Act, 1955","/ViewSelectedActDetailsServlet?act_name=The Hindu Marriage Act, 1955&handleid=123456789/1362"
"The Prohibition of Child Marriage Act, 2006","/ViewSelectedActDetailsServlet?act_name=The Prohibition of Child Marriage Act, 2006&handleid=123456789/1362"
"The Uttarakhand Compulsory Registration of Marriage Act,","/ViewSelectedActDetailsServlet?act_name=The Uttarakhand Compulsory Registration of Marriage Act,&handleid=123456789/1362"
"THE SPECIAL MARRIAGE ACT, 1954","/ViewSelectedActDetailsServlet?act_name=THE SPECIAL MARRIAGE ACT, 1954&handleid=123456789/1362"
"The Special Marriage Act, 1954","/ViewSelectedActDetailsServlet?act_name=The Special Marriage Act, 1954&handleid=123456789/1362"
"The Special Marriage Act, 1954 (Extension to Nagaland) Act, 2002","/ViewSelectedActDetailsServlet?act_name=The Special Marriage Act, 1954 (Extension to Nagaland) Act, 2002&handleid=123456789/1362"
"The Himachal Pradesh Registration  of Marriages Act, 1996","/ViewSelectedActDetailsServlet?act_name=The Himachal Pradesh Registration  of Marriages Act, 1996&handleid=123456789/1362"
"THE PROHIBITION OF CHILD MARRIAGE ACT, 2006","/ViewSelectedActDetailsServlet?act_name=THE PROHIBITION OF CHILD MARRIAGE ACT, 2006&handleid=123456789/1362"
"THE KARNATAKA MARRIAGES (REGISTRATION AND MISCELLANEOUS PROVISIONS) ACT, 1976.","/ViewSelectedActDetailsServlet?act_name=THE KARNATAKA MARRIAGES (REGISTRATION AND MISCELLANEOUS PROVISIONS) ACT, 1976.&handleid=123456789/1362"
"The Telangana Hindu Widows Marriage Act, 1347 Fasli.","/ViewSelectedActDetailsServlet?act_name=The Telangana Hindu Widows Marriage Act, 1347 Fasli.&handleid=123456789/1362"
"The Manipur Complusory Registration Marriage Act, 2008","/ViewSelectedActDetailsServlet?act_name=The Manipur Complusory Registration Marriage Act, 2008&handleid=123456789/1362"
"THE HINDU MARRIAGE ACT, 1955","/ViewSelectedActDetailsServlet?act_name=THE HINDU MARRIAGE ACT, 1955&handleid=123456789/1362"
"The Tamil Nadu Christian Marriages Validation Act, 1952","/ViewSelectedActDetailsServlet?act_name=The Tamil Nadu Christian Marriages Validation Act, 1952&handleid=123456789/1362"
"The Telangana Registrar General of Births, Deaths and Marriages Act, 1953.","/ViewSelectedActDetailsServlet?act_name=The Telangana Registrar General of Births, Deaths and Marriages Act, 1953.&handleid=123456789/1362"
"The Andhra Pradesh Compulsory Registration of Marriages Act, 2002.","/ViewSelectedActDetailsServlet?act_name=The Andhra Pradesh Compulsory Registration of Marriages Act, 2002.&handleid=123456789/1362"
"The Indian Christian Marriage Act, 1872","/ViewSelectedActDetailsServlet?act_name=The Indian Christian Marriage Act, 1872&handleid=123456789/1362"
Madhya-Pradesh-Marriage-Registration-Act-2008,/ViewSelectedActDetailsServlet?act_name=Madhya-Pradesh-Marriage-Registration-Act-2008&handleid=123456789/1362
"Marwar Marriage Fund Administration Act, 1961","/ViewSelectedActDetailsServlet?act_name=Marwar Marriage Fund Administration Act, 1961&handleid=123456789/1362"
"Jammu and Kashmir Muslims Marriages Registration Act, 1981","/ViewSelectedActDetailsServlet?act_name=Jammu and Kashmir Muslims Marriages Registration Act, 1981&handleid=123456789/1362"
"The Births, Deaths and Marriages Registration Act, 1886","/ViewSelectedActDetailsServlet?act_name=The Births, Deaths and Marriages Registration Act, 1886&handleid=123456789/1362"
"The Indian Christian Marriage (Extension to Transferred Territory) Act, 1995","/ViewSelectedActDetailsServlet?act_name=The Indian Christian Marriage (Extension to Transferred Territory) Act, 1995&handleid=123456789/1362"
Tripura Prohibition of Child Marriage Act 2006,/ViewSelectedActDetailsServlet?act_name=Tripura Prohibition of Child Marriage Act 2006&handleid=123456789/1362
"The Mizoram Compulsory Registration of Marriages (Amendment) Act, 2011","/ViewSelectedActDetailsServlet?act_name=The Mizoram Compulsory Registration of Marriages (Amendment) Act, 2011&handleid=123456789/1362"
"THE JAMMU AND KASHMIR MUSLIM MARRIAGES REGISTRATION ACT, 1981","/ViewSelectedActDetailsServlet?act_name=THE JAMMU AND KASHMIR MUSLIM MARRIAGES REGISTRATION ACT, 1981&handleid=123456789/1362"
Arunachal Pradesh Recording of Marriage Act 2008,/ViewSelectedActDetailsServlet?act_name=Arunachal Pradesh Recording of Marriage Act 2008&handleid=123456789/1362
"The Meghalaya Compulsory Registration of Marriage Act, 2012 (Act No. 13 of 2012)","/ViewSelectedActDetailsServlet?act_name=The Meghalaya Compulsory Registration of Marriage Act, 2012 (Act No. 13 of 2012)&handleid=123456789/1362"
"The Jharkhand Compulsory Registration of Marriages Act, 2017","/ViewSelectedActDetailsServlet?act_name=The Jharkhand Compulsory Registration of Marriages Act, 2017&handleid=123456789/1362"
"Hindu Marriage Act, 1955","/ViewSelectedActDetailsServlet?act_name=Hindu Marriage Act, 1955&handleid=123456789/1362"
"The Rajastahan Compulsory Registration of Marriage Act, 2009","/ViewSelectedActDetailsServlet?act_name=The Rajastahan Compulsory Registration of Marriage Act, 2009&handleid=123456789/1362"
"The Arya Marriage Validation Act, 1937","/ViewSelectedActDetailsServlet?act_name=The Arya Marriage Validation Act, 1937&handleid=123456789/1362"
"THE ANAND MARRIAGE ACT, 1909","/ViewSelectedActDetailsServlet?act_name=THE ANAND MARRIAGE ACT, 1909&handleid=123456789/1362"
"The Gujarat Registration of Marriages Act, 2006","/ViewSelectedActDetailsServlet?act_name=The Gujarat Registration of Marriages Act, 2006&handleid=123456789/1362"
"The Mizo Marriage, Divorce and Inheritance of Property Act, 2014","/ViewSelectedActDetailsServlet?act_name=The Mizo Marriage, Divorce and Inheritance of Property Act, 2014&handleid=123456789/1362"
"The Muslim Women (Protection of Rights on Marriage) Act, 2019.","/ViewSelectedActDetailsServlet?act_name=The Muslim Women (Protection of Rights on Marriage) Act, 2019.&handleid=123456789/1362"
"The Telangana Compulsory Registration of Marriages Act, 2002.","/ViewSelectedActDetailsServlet?act_name=The Telangana Compulsory Registration of Marriages Act, 2002.&handleid=123456789/1362"
Prohibition of Child marriage act,/ViewSelectedActDetailsServlet?act_name=Prohibition of Child marriage act&handleid=123456789/1362
"The Maharashtra Regulation of Marriage Bureaus and Registration of Marriages Act, 1998","/ViewSelectedActDetailsServlet?act_name=The Maharashtra Regulation of Marriage Bureaus and Registration of Marriages Act, 1998&handleid=123456789/1362"
"The Tripura Prohibition of Child Marriage Rules,2017","/handle/123456789/1362/simple-search?query=The Tripura Prohibition of Child Marriage Rules,2017&searchradio=rules"
"The Rajasthan Prohibition of Child Marriage Rules, 2007","/handle/123456789/1362/simple-search?query=The Rajasthan Prohibition of Child Marriage Rules, 2007&searchradio=rules"
Special Marriage and Divorce Himachal Pradesh Rules 1982,/handle/123456789/1362/simple-search?query=Special Marriage and Divorce Himachal Pradesh Rules 1982&searchradio=rules
Rajasthan Anand Marriage Registration Rules 2019,/handle/123456789/1362/simple-search?query=Rajasthan Anand Marriage Registration Rules 2019&searchradio=rules
"The Chhattisgarh Prohibition of Child Marriage Rule, 2007","/handle/123456789/1362/simple-search?query=The Chhattisgarh Prohibition of Child Marriage Rule, 2007 &searchradio=rules"
"The High Court of Jharkhand Hindu Marriage Rules, 2017","/handle/123456789/1362/simple-search?query=The High Court of Jharkhand Hindu Marriage Rules, 2017&searchradio=rules"
"Anand Marriage Registration Rule, 2016","/handle/123456789/1362/simple-search?query=Anand Marriage Registration Rule, 2016&searchradio=rules"
"“Puducherry Prohibition of Child Marriage Rules, 2009","/handle/123456789/1362/simple-search?query=“Puducherry Prohibition of Child Marriage Rules, 2009&searchradio=rules"
"Lakshadweep Anand Marriage Registration Rules, 2017","/handle/123456789/1362/simple-search?query=Lakshadweep Anand Marriage Registration Rules, 2017&searchradio=rules"
"The Foreign Marriage Rules, 1970 19.08.1970","/handle/123456789/1362/simple-search?query=The Foreign Marriage Rules, 1970 19.08.1970&searchradio=rules"
"Jharkhand Child Marriage Prohibition Rules, 2015","/handle/123456789/1362/simple-search?query=Jharkhand Child Marriage Prohibition Rules, 2015&searchradio=rules"
"Chandigarh  Prohibition of Child Marriage Rules, 2015.","/handle/123456789/1362/simple-search?query=Chandigarh  Prohibition of Child Marriage Rules, 2015.&searchradio=rules"
RAJASTHAN PROHIBITION OF CHILD MARRIAGE RULES,/handle/123456789/1362/simple-search?query=RAJASTHAN PROHIBITION OF CHILD MARRIAGE RULES&searchradio=rules
"the Uttar Pradesh Hindu  Marriage Registration Rules, 1973","/handle/123456789/1362/simple-search?query=the Uttar Pradesh Hindu  Marriage Registration Rules, 1973&searchradio=rules"
"the Uttar Pradesh  Marriage Registration Rules, 2017","/handle/123456789/1362/simple-search?query=the Uttar Pradesh  Marriage Registration Rules, 2017&searchradio=rules"
"Andaman and Nicobar Islands Hindu Marriage Registration Rules, 1958","/handle/123456789/1362/simple-search?query=Andaman and Nicobar Islands Hindu Marriage Registration Rules, 1958&searchradio=rules"
Haryana Prohibition of child Marriage Rules 2011,/handle/123456789/1362/simple-search?query=Haryana Prohibition of child Marriage Rules 2011&searchradio=rules
The Meghalaya Compulsory Registration of Marriages Rules 2015,/handle/123456789/1362/simple-search?query=The Meghalaya Compulsory Registration of Marriages Rules 2015&searchradio=rules
"The Tripura Recording of Marriage Rules, 2006","/handle/123456789/1362/simple-search?query=The Tripura Recording of Marriage Rules, 2006&searchradio=rules"
"Maharashtra Prohibition of Child Marriage  Rules, 2022.","/handle/123456789/1362/simple-search?query= Maharashtra Prohibition of Child Marriage  Rules, 2022.&searchradio=rules"
"The Uttarakhand Compulsory Marriage Registration Rules,2012","/handle/123456789/1362/simple-search?query=The Uttarakhand Compulsory Marriage Registration Rules,2012&searchradio=rules"
"THE TRIPURA  ANAND MARRIAGE REGISTRATION RULES, 2023","/handle/123456789/1362/simple-search?query=THE TRIPURA  ANAND MARRIAGE REGISTRATION RULES, 2023&searchradio=rules"
Child Marriage Prohibition Act Nodal Department,/handle/123456789/1362/simple-search?query=Child Marriage Prohibition Act Nodal Department &searchradio=circular
"Furnishing of advance information in respect of functions organised in Banquet Halls, Farm houses, Marriage/Party Halls, Hotels and Open Ground etc.","/handle/123456789/1362/simple-search?query=Furnishing of advance information in respect of functions organised in Banquet Halls, Farm houses, Marriage/Party Halls, Hotels and Open Ground etc.&searchradio=circular"
Notification of Child Marriage Prohibition Officers,/handle/123456789/1362/simple-search?query=Notification of Child Marriage Prohibition Officers&searchradio=notification
Notification of Officers as Child Marriage Prohibition Officers,/handle/123456789/1362/simple-search?query=Notification of Officers as Child Marriage Prohibition Officers&searchradio=notification
"Notification regarding The Prohibition of Child Marriage Act,2006 (Appointment of Prohibition Officer)","/handle/123456789/1362/simple-search?query=Notification regarding The Prohibition of Child Marriage Act,2006 (Appointment of Prohibition Officer)  &searchradio=notification"
"Notification to tackle the pollution problems which occurs due to firecrackers during Diwali (Deepabali) and all other festivals, of any religion including Christmas and New Year eve and other occasions like marriages etc. for effective implementation in the State of Tripura","/handle/123456789/1362/simple-search?query=Notification to tackle the pollution problems which occurs due to firecrackers during Diwali (Deepabali) and all other festivals, of any religion including Christmas and New Year eve and other occasions like marriages etc. for effective implementation in the State of Tripura&searchradio=notification"
"Extension of the Haryana Compulsory Registration of Marriages Act, 2008 to UT Chandigarh Dt. 04.11.2009","/handle/123456789/1362/simple-search?query=Extension of the Haryana Compulsory Registration of Marriages Act, 2008 to UT Chandigarh Dt. 04.11.2009&searchradio=notification"
"the details of programmes/functions, to be organised in the Banquet Halls, Farm Houses, Marriage/Party Halls, Hotels, Open Ground etc.","/handle/123456789/1362/simple-search?query=the details of programmes/functions, to be organised in the Banquet Halls, Farm Houses, Marriage/Party Halls, Hotels, Open Ground etc.&searchradio=notification"
"Effective date for furnishing of advance information in respect of functions organised in Banquet Halls, Farm Houses, Marriage/Party Halls, Hotels and Open Ground etc.","/handle/123456789/1362/simple-search?query=Effective date for furnishing of advance information in respect of functions organised in Banquet Halls, Farm Houses, Marriage/Party Halls, Hotels and Open Ground etc.&searchradio=notification"
"Furnishing of advance information in respect of functions organised in Banquet Halls, Farm houses, Marriage/Party Halls, Hotels and Open Ground etc","/handle/123456789/1362/simple-search?query=Furnishing of advance information in respect of functions organised in Banquet Halls, Farm houses, Marriage/Party Halls, Hotels and Open Ground etc&searchradio=notification"
